probeID;elasticNet (239);filtered H (272);retrained H (308);original H (336)
(Intercept);0.336141627957829;0.693632619599121;0.632194287640139;0.695507258
cg00027083;0.143973455006099;0;0;0
cg00059225;1.48015381492058;0;0;0
cg00075967;0.0322537641605753;0.228815527181426;0.155078101689308;0.12933661
cg00091693;0;-0.237786193530508;-0.291876049610751;-0.002008493
cg00168942;-0.00584191235889737;-0.24946625303537;-0.360559213099653;-0.111945219
cg00290506;-0.969885776096104;0;0;0
cg00343092;-0.0244532702788542;0;0;0
cg00374717;0;0.177444982810088;0.146772728186434;0.005017857
cg00431549;0;-0.0629906534467113;-0.048812109933919;-0.136199957
cg00436603;0;0.0854250672694331;0.120888468874145;0.000265206
cg00528967;-0.256787589939029;0;0;0
cg00651216;-0.142955222969277;0;0;0
cg00812502;-0.457339920564866;0;0;0
cg00864867;0.033365252752985;0.716351182586247;0.706247181115911;1.59976405
cg00945507;0;0.16196946748337;0.159952037889137;0.056852418
cg01027739;0;0.204213904224051;0.0784143433906201;0.102862854
cg01027805;0;0;0.0072957668014176;-0.167672796
cg01222684;0.0689379408847582;0;0;0
cg01234063;0;0;0;-0.040535924
cg01262913;-0.0162403358860139;-0.326388967071731;-0.42229509723137;-0.033581152
cg01294695;-0.0283476024124925;0;0;0
cg01353448;0.0862390812193129;0.204467913735675;0.108070871244647;0.238560451
cg01407797;-0.00692741605930516;-0.231288323571797;-0.0494795163316;-0.379166543
cg01459453;-0.407264843692752;-0.371110580118096;-0.359531782895628;-0.345952077
cg01485645;-0.11168642591695;-0.444555659627418;-0.445891319339442;-0.025753328
cg01507173;0.0335581932236544;0;0;0
cg01511567;-1.1504877116516;-0.430285087958685;-0.192249647154144;-0.686111875
cg01560871;0;-0.125318164538822;-0.205331096953208;-0.036910708
cg01570885;-0.182031864011367;-0.129104255520112;-0.118490581599572;-0.031258306
cg01580568;0.0630341935586486;0;0;0
cg01580888;0.736245132388797;0;0;0
cg01584473;0;0.0451325782139063;-0.011248705603488;0.088628396
cg01644850;0;0.126301272356159;0.0863564700549863;0.159948713
cg01656216;0;0.0757316875841856;0.015325154784335;0.042805528
cg01820374;0;-0.176555090637268;-0.13382241836484;-0.271122363
cg01860753;-0.0112285663056487;0;0;0
cg01873645;0;-0.753900455929499;-1.46443254700025;-0.604056375
cg01968178;0;1.04258140754501;0.681042358000495;1.169245865
cg01968793;-0.16458177093272;0;0;0
cg01994328;-0.376643812067958;0;0;0
cg02047577;0;-3.91248098281108;-3.38061761175642;-0.658400181
cg02071305;0;-0.0875656546288701;-0.0492751165702874;-0.048429497
cg02085507;0;0;0;0.006127551
cg02154074;0;0.27269830390136;0.226244346470272;0.044757003
cg02217159;-0.221850269277784;-0.0973403178054916;-0.0997453290548159;-0.086512604
cg02275294;-0.145808273957383;0;0.316667569171716;-0.337498333
cg02331561;0;0.10432395382431;0.033049388348211;0.126928853
cg02332492;0.115246364285776;0.294916315989799;0.233100186442068;0.062771342
cg02335441;-0.0732313650344324;-0.606216287372546;-0.581172644801251;-0.17128537
cg02364642;0;-0.228062164871275;-0.269340034159766;-0.024270255
cg02388150;0.197757591445903;0.384262011573059;0.365860901898993;0.425971257
cg02479575;0;0;-0.0604151999713438;1.875446187
cg02489552;0.0325348273467325;0.146795810508194;0.134962610265884;0.073741383
cg02580606;0;0.0227896160148422;0.00341707396499789;0.349274493
cg02654291;0;0;0;0.140583491
cg02665570;-0.280539270961484;0;0;0
cg02764897;0.0281218894935688;0;0;0
cg02793099;-0.0782619889706179;0;0;0
cg02827112;0;0.138491829100935;0.0739201043126306;0.050646083
cg02840794;-0.465853066983043;0;0;0
cg02972551;0;0;0;0.47394601
cg03013422;-0.418761145683586;0;0;0
cg03019000;0;-0.397653856191093;-0.320293435010762;-0.459777041
cg03035419;-0.169336983146599;0;0;0
cg03103192;0;0.111403287898371;0.0641284767840577;0.023536343
cg03160135;0.000803019257990923;0;0;0
cg03167275;0;-0.917933119023983;-1.21022552754811;-0.551041258
cg03243895;-0.688666013917734;0;0;0
cg03270204;0;0;0;0.013544725
cg03286783;0;0;0.333603333981334;-0.854784621
cg03294619;-0.0456508793898416;0;0;0
cg03330058;-0.158535274002862;-0.221880034711145;-0.194408620735361;-0.064471129
cg03390211;-0.0099686173254456;0;0;0
cg03565323;0;-0.0523184976538248;-0.122367480166595;-0.207653221
cg03578041;0;-0.126801991961134;-0.151441449917933;-0.032630972
cg03588357;-0.593804435633469;-1.3935958900746;-1.80330947242285;-0.858843002
cg03617456;-0.0165070748948687;0;0;0
cg03682823;0;-0.00295632656870881;0.101968203422664;-0.112677232
cg03700308;-0.308356280679711;0;0;0
cg03760483;0;0.0783689960995931;0.0698120162622034;0.014946399
cg03776551;-0.0102494535257808;0;0;0
cg03891319;0;-0.482031603537779;0.0831154893987423;-0.026893522
cg03947362;0;-0.666405027075862;-0.780987162826638;-0.301555266
cg03975694;0.198735422527863;0;0;0
cg03991512;-0.0105043369929385;0;0;0
cg04005032;0;0;0;-0.144763726
cg04084157;0.397317747140211;1.37329116923253;1.25029978599214;1.034144196
cg04094160;0;-0.291530436095947;-0.364098330723645;-0.201195165
cg04121983;0;0;-0.0819816858785288;0.054920672
cg04123409;-0.33567022446564;0;0;0
cg04126866;0;0.111445529040531;0.167996486577963;0.079374551
cg04138756;0.0481960898249102;0;0;0
cg04268405;-0.24206402371492;-0.532541664658664;-0.376603479110866;-0.416694314
cg04329069;-0.09671577394674;0;0;0
cg04348872;-0.069183615291454;0;0;0
cg04431054;0;0;0;-0.05992505
cg04452713;0;0;0;-0.001478366
cg04474832;-0.0346391200054808;-0.194561908432212;-0.0246994944539669;-0.444042106
cg04528819;0.964219573638653;0.753854664882501;0.530113943407079;0.771798107
cg04836038;0.828334691041245;1.03154303110394;0.988414845179285;0.440056203
cg04940435;-0.378373572709207;0;0;0
cg04999691;-0.0545341370788556;-0.351910508900674;-0.360930081462625;-0.001756899
cg05250458;0;0.434012504542485;0.427387522942502;0.087295559
cg05294243;0.240482136191755;0.280138800603259;0.304761373266457;0.11851793
cg05365729;0;0.262939068806922;0.293931850637764;0.052940133
cg05442902;-0.293844613335469;-0.108358562476146;-0.088958708510612;-0.578208568
cg05590257;0;0;0;-0.031153885
cg05675373;0;0.347129480594558;0.228091154078571;0.346355946
cg05711886;-0.0774420088641217;0;0;0
cg05755779;0;0.150591946403131;0.155348538107176;0.060215102
cg05790999;-0.0745980907240543;0;0;0
cg05847778;0;-0.590230643711998;-0.945908312175411;-0.058704445
cg05903609;0;0;-0.0351485942730983;-0.158648055
cg05921699;0;0.251303905624699;0.253548416546191;0.018064958
cg05960024;0;0;0;0.081029885
cg06044899;0;0.0341326716369145;0.105325597224628;-0.142865007
cg06100324;0.107450081426475;0;0;0
cg06117855;0;0;0;-0.007113851
cg06121469;0.0105139347083203;0.249612490241332;-0.11455165444325;0.027024582
cg06144905;0.329378913446047;0.52097366105955;0.545882696854797;0.597211279
cg06361108;0;0;0.00144566394798715;0.43315799
cg06458239;0.177126917635516;0;0;0
cg06462291;0;0.16899822635843;0.0956787008500215;0.015758987
cg06493994;0;1.18307297311466;0.759979689592941;1.858006164
cg06513075;0;0.446232930920927;0.369913994594817;0.130551876
cg06557358;0;-0.0880507460920579;-0.220120223416451;-0.141331243
cg06580318;0.537169317808068;0;0;0
cg06615861;-0.0687150983612689;0;0;0
cg06688848;0;-1.45975216319027;-1.84164742610403;-0.016307574
cg06738602;0;-0.21262547364405;-0.215580454646697;-0.151674548
cg06810647;0;0;-0.194557188172711;0.374888117
cg06836772;-0.0285486943498166;-0.209286802898753;-0.32733146213161;-0.238015601
cg06913228;-0.320806040296867;0;0;0
cg06926735;0;0.208949113906711;1.62725682713138;0.001010208
cg06952310;0;0.106849824158702;0.138508968985711;0.091760658
cg06981182;-0.273672248069091;0;0;0
cg06993413;0.742257481152278;1.60661613035665;1.66063723213343;1.503184415
cg07158339;0;0;0;-0.626329239
cg07285276;0.0164847644403775;0.386253397251593;0.402319092280006;0.192242573
cg07291563;0;1.41534090492744;1.62215544868824;0.041640015
cg07337598;0;0.12612828065281;0.32968069575923;0.088226928
cg07360076;0.252999042688948;0;0;0
cg07388493;-0.559022099188363;-0.319952002466482;-0.161857753709211;-0.520727113
cg07408456;-0.12861826402916;-0.0706525556815769;-0.0944272258180603;-0.218776385
cg07455279;0;0.0577850290933322;0.0659101300695161;0.005632264
cg07498421;0;0.115944622743387;0.315061971676067;-0.059490426
cg07504780;-0.100661925598323;0;0;0
cg07595943;0;0;0;0.051178068
cg07663789;0;0;0.0390782881582817;-0.074789714
cg07730301;0;-0.093616499271187;-0.0461671723992766;-0.01177889
cg07770222;0;0.111232050171211;0.112953627135549;0.009940405
cg07849904;0;-0.267047918304584;-0.60400640236033;-0.116542884
cg07935568;0.372251970525924;0;0;0
cg08030082;0;0.0760722267409326;0.113077821799219;0.012830322
cg08090772;0;0.0109941242863076;0.283879861425044;-0.341458098
cg08124722;0;0.0723347772403117;0.0488339365279727;0.008484904
cg08186124;0;0;-0.232034927868317;-0.070505215
cg08209133;0.642111554819058;0;0;0
cg08251036;0;0;0.00156925571769861;0.068634882
cg08331960;0;0;0;-0.42705014
cg08370996;0.73209079353408;1.07764978741807;1.09420910978612;0.812907628
cg08413469;0;0.314710992231425;0.437587548519971;0.140510611
cg08434234;0;-0.111436502523683;-0.221982929680436;-0.211774018
cg08468689;-0.045964607160335;0;0;0
cg08771731;0;0.257991540645941;0.410728564747109;0.103386824
cg08923379;-0.881769967419359;0;0;0
cg08965235;-0.29121648006832;-0.428288164203101;-0.371788359146508;-0.220130796
cg09019938;0;0;0.245223419559376;-0.12172174
cg09118625;0;0.424196014354444;0.405715125422459;0.307808351
cg09133026;0;-0.396000680648659;-0.457244513378152;-0.196543481
cg09191327;0;-0.554589647569365;-0.646590451391391;-0.278393765
cg09418283;0;-0.419862218147406;-0.842706204647693;0.027502906
cg09441152;0;0.000327263218847948;0.181014066427545;-0.683075851
cg09450020;-0.62033318327988;0;0;0
cg09462576;-0.169048437771552;0;0;0
cg09509673;0;0;0.0169704949363917;0.013745188
cg09646392;0;0;0;-0.000417407
cg09722397;0;-0.0522275945934316;-0.222401746932901;-0.147296004
cg09722555;0;-0.850258541739065;-0.920060661310603;-0.346465927
cg09785172;0;0;0;-0.016561072
cg09809672;-0.211924873084968;-0.508277582746588;-0.474818178898749;-0.391318905
cg09869858;0;0;0;0.066316642
cg09885951;0;1.03330542244456;1.18828404250852;0.095237498
cg09949775;0.13794063822255;0;0;0
cg10045881;0;-0.102665254830086;-0.135948515249861;-0.046803147
cg10158711;-0.146771747661895;0;0;0
cg10266490;-0.0122121323940623;-0.0637777039786361;-0.124223432874906;-0.014675
cg10281002;0;0.226878540033495;0.199686349252054;0.468416918
cg10301967;1.08938347916288;0;0;0
cg10345936;0;0.0367225575178996;0.0683423327529807;0.069971286
cg10376763;0;-0.271746366739893;-0.390743126823204;-0.115358177
cg10377274;0;0.433443662003487;0.441468486323074;0.057139076
cg10398950;-0.0242791788050043;0;0;0
cg10409560;0.0159077456171992;0;0;0
cg10486998;0;-0.439168399687564;-0.437477356923258;-0.389335841
cg10523019;0.653593646681305;0.744048091156011;0.733665021494702;0.514646778
cg10525372;0.0781721026062718;0;0;0
cg10586756;-0.00315588272529305;0;0;0
cg10714284;-0.174957388951124;0;0;0
cg10865119;0;-0.460953600127032;-0.517068741464779;-0.069157921
cg10920957;0;-0.398506179260752;-0.291379725269443;-0.399903548
cg10940099;0;1.17401465201318;0.988552112242573;0.093135749
cg11025793;0;0.156365276435039;0.239115683555165;-0.012053497
cg11051158;-0.090280314479886;0;0;0
cg11120551;-0.116569150783895;0;0;0
cg11299964;0;-0.332288594166163;-0.587391793004036;-0.157897406
cg11314684;0;-0.059904291190818;-0.0490977272752668;-0.076158602
cg11377136;0.129473913082484;0;0;0
cg11388238;0;0;0;-0.35058529
cg11653266;0;-0.162561361851621;-0.930457356725902;-0.176347192
cg11919694;-0.00546426379037553;0;0;0
cg11932564;1.30884798413326;1.64847284758501;1.38334807841613;0.700001079
cg12024906;0.130518316336458;0;0;0
cg12133004;0.0352686851891079;0;0;0
cg12351433;0;0.145367263368546;0.19181526728627;0.079279219
cg12373771;1.33166762235166;1.26998114104636;1.12319271369384;0.533301546
cg12413566;0;0.431516277775234;0.490743771028992;-0.045644385
cg12616277;0;-0.438030514302085;-0.461328640388471;-0.002979815
cg12768605;-0.00126064714962254;-0.299025747752565;-0.320048234453631;-0.188560769
cg12830694;0;0.0511437861475702;0.267066934510751;0.339726781
cg12941369;0;0;0;-0.131067992
cg12946225;0;0.195222701727974;0.41642682645827;0.133612754
cg12955583;-0.434923416028332;0;0;0
cg12985418;0;-0.140104597674254;-1.21070870998688;-0.431303727
cg13038560;0.116943920441924;0.111568625465992;0.0558067726276668;0.261380978
cg13129046;-0.586718127505825;-0.449515779059985;-0.400340676589994;-0.205992326
cg13216057;0;-0.595820172895105;-0.821263306992345;-0.138857398
cg13249256;0.0148256266784448;0;0;0
cg13269407;-0.0896848838155025;-0.140585139103092;-0.326656426154687;-0.091238949
cg13302154;0;0;0;-0.003525343
cg13319175;0;0.0181873535609227;0.290338691683558;0.013848218
cg13351161;-0.135384063444778;0;0;0
cg13460409;0.430589197147074;0.440032784212234;0.398600513798766;0.412023313
cg13520327;0.0395283830800686;0;0;0
cg13547237;0;0;-0.0635539888817465;-0.201508653
cg13562542;-0.2596071938394;0;0;0
cg13593287;-0.0174436221968161;0;0;0
cg13663218;-0.287536477449625;0;0;0
cg13682722;0;0;0;0.110100933
cg13697378;0.580221648055736;0;0;0
cg13828047;-0.100963325345949;-0.412399235019645;-0.578078484930426;-0.448971744
cg13836627;0;1.0601539982474;1.41136400600156;0.029983661
cg13854874;0;0;0.159910429097372;0.049613334
cg13899108;0;0.177973662762687;0.192928680281198;0.033651673
cg13931228;-0.988110602898737;-0.356983300045859;-0.130219660821083;-0.12067687
cg13975369;0;0;0;0.378716214
cg14060828;0;-0.497061028545877;-0.564347250166773;-0.303565965
cg14163776;0;-0.0814320197215503;-0.0850776340981897;-0.119511769
cg14175438;-0.0848076451740856;-0.156391460608493;-0.202959503379939;-0.336713957
cg14258236;0;0.229714946759799;0.219624617785207;0.086897539
cg14261863;-0.0551483886186767;0;0;0
cg14308452;0;0.277496910631868;0.461117968343657;0.003142044
cg14329157;0;0;0;0.251930765
cg14408969;0;-0.217944197463552;-0.729564252718262;-0.140373287
cg14409958;0;-0.0659694327809129;-0.00055149491092714;-0.050383781
cg14423778;0;-0.00294226911112879;-0.0256875737465772;-0.087120888
cg14424579;1.5869260176271;3.33457117998071;3.81902894033081;3.067470269
cg14501253;0;0.0717900621145788;0.376838415018946;-0.066922165
cg14597908;0;-0.111718935633116;-0.134136822774548;-0.030798249
cg14611112;-0.0765048255745548;0;0;0
cg14654875;-0.0171030930385038;-0.160794358738245;-0.218251576355202;-0.122182935
cg14658362;0;-0.311438340813603;-0.149667759537715;-0.168603536
cg14723032;0;-0.00917566729554009;-0.0754249606678493;0.000900283
cg14727952;0;0.183799999211404;0.0802440864600089;-0.136027886
cg14894144;0.102313016675336;0.150264259841012;0.174811096879067;0.053377439
cg14932684;-0.0101918945914743;0;0;0
cg14992253;0;0.194770323836774;0.522329808425224;0.035824163
cg15185286;0;-1.05838640662587;-0.0758578265208715;-0.241642003
cg15201877;0.612183036035859;0;0;0
cg15262928;0;-1.38538101750199;-2.04247571525934;-0.078482669
cg15341340;-0.261580478501959;-1.20559677772847;-1.02074021333039;-0.468757862
cg15377518;-0.0602757469343314;0;0;0
cg15381769;-0.2337703545646;-0.995445599537957;-0.81074794470328;-0.119627233
cg15464148;0.0192173167039879;0;0;0
cg15473868;-0.20382978582637;0;0;0
cg15547534;0;0.548009583028785;0.609050917488939;0.382897521
cg15661409;0;-0.15828350237533;-0.250210858795324;0.043744933
cg15703512;0;-0.94383310049241;-1.13353080933248;-0.730702811
cg15804973;0;-0.291216142316252;-0.36162833363846;-0.108169109
cg15974053;0;0;0.116291618727234;-0.009486551
cg15988232;0;0.0624621766488969;0.145341788053943;0.036324808
cg15994159;-0.275846012476888;0;0;0
cg16034652;0;0.284614610301641;0.254364790895607;0.006495541
cg16112050;0.00485661746121239;0;0;0
cg16150435;0;0.221263942762567;0.237660695695136;0.017495382
cg16152813;-0.365595687166494;0;0;0
cg16168311;-0.246705575426757;-0.285916430312557;-0.250225064307627;-0.196860712
cg16241714;1.10541504261628;2.97883203865253;2.86999941133453;2.551903028
cg16273597;-0.195432596880789;0;0;0
cg16357921;-0.0421066264445575;0;0;0
cg16358826;0;0;-0.246138223633623;-0.012966376
cg16385933;-0.320309594597351;0;0;0
cg16408394;0;-0.467432860159007;-0.642960422061883;-1.719195146
cg16419345;0;0.00828134207128869;0.111670987043544;0.282563693
cg16494477;0;0;0;-0.066439934
cg16547529;0.067533679391121;0.092288585419483;0.0950892628079619;0.167493846
cg16579101;0;0;0;-0.096067716
cg16732880;-0.10837734800287;0;0;0
cg16744741;-0.219481609764268;-0.205918926691044;-0.0462346741864474;-0.3462842
cg16792800;-0.000141949122676161;0;0;0
cg16899442;0;-0.466285756374505;-0.83048094783653;-0.153803786
cg16984944;0;-0.140734483867212;-0.377922537573304;-5.94e-06
cg17063929;0;-0.257758492606373;-0.325144679545274;-0.001985558
cg17099569;0;0;0;0.115572976
cg17253459;0.0173600974294273;0;0;0
cg17274064;0;-0.0903437590170319;-0.14289095388166;-0.000157189
cg17285325;0;0;0.0166333289873892;0.137315506
cg17324128;-0.62927297747042;-0.124020727554274;0.0893163876866614;-0.569717328
cg17338403;0;0;0;-0.645058713
cg17408647;0;0;0;-0.094843228
cg17533847;-0.343642951327708;0;0;0
cg17589341;0;-0.0479518515480181;-0.0791399320618346;-0.065957735
cg17655614;0.107234777636665;0.467540596905883;0.593823910980426;0.156624167
cg17686885;0;-0.328785353086788;-0.374164454915367;-0.057992142
cg17729667;0.120244101797638;0.658072654222689;0.870302085654469;0.146830197
cg17731079;-0.354506614615391;0;0;0
cg17788013;0.0390726124583419;0;0;0
cg17829314;-0.000426186940374988;0;0;0
cg17853587;0;0;0.208164675733101;-0.022992725
cg17861230;0.154880742089948;0;0;0
cg17960516;0;0.218640684438358;0.243133540776949;0.066620539
cg18008766;0.635130212801536;0;0;0
cg18031008;0;0.254806586521232;0.274260228626691;0.264553633
cg18055007;0;0.298766325062569;0.349997095234589;0.037915414
cg18106189;-0.151904656528694;0;0;0
cg18139769;0;0;-0.15253692503703;-0.089986969
cg18180783;0;0.0903386332577031;0.0490589138820889;0.121873904
cg18328933;-0.286527465515028;-0.534054447941668;-0.644293187491893;-0.37048069
cg18440048;0.156757904119201;0.356393691323711;0.474381259191957;0.356369685
cg18441959;0.0890517209820969;0;0;0
cg18573383;0;0.830161392827009;1.12131567835963;0.554265536
cg18595258;0.0136126447791197;0;0;0
cg18705067;0.00151124743991594;0;0;0
cg18752880;-0.0435232548057672;0;0;0
cg18956095;0;-0.192724406716813;-0.538268811904345;-0.478583455
cg18983672;0;0;0.0873532332158936;0.201888482
cg18984151;0;0;0;0.315009523
cg19008809;0;0;0.304408270940619;0.590929745
cg19044674;0;-0.443728912639799;-0.608991131204228;-0.055931441
cg19046959;0;0;0;-0.069773889
cg19167673;0;0;0;-0.47038013
cg19235307;-0.066320605148689;0;0;0
cg19273182;0;0;0;-0.754588838
cg19305227;0;0;-0.0289189246322098;0.019259662
cg19346193;0;0;0.0231435950934378;0.149635977
cg19420968;0;0.20865122220456;0.209503945964584;0.098912421
cg19478743;0;0.132225988464907;0.70482291824506;0.122668557
cg19514928;0;-0.187557415230494;0.139865162867526;-0.005027927
cg19569684;0;0;0;-0.286095083
cg19690404;0.0078916246545687;0;0;0
cg19692710;0;0.00994163960371318;0.160172464567456;0.021362462
cg19706682;0;-0.11251979500001;-0.307208726036707;-0.103539266
cg19722847;-0.714382510752407;-0.535923267665698;-0.57610913014404;-0.452037396
cg19724470;-0.0749877053744786;-0.130805320974168;-0.115796108446883;-0.104549906
cg19761273;-0.492125805895203;-0.835595729601456;-0.943612808626405;-0.88692879
cg19831077;0.00882476024559165;0;0;0
cg19853760;0;-0.180161202177249;-0.343020594723162;-0.241884461
cg19903229;0.0436038160844213;0;0;0
cg19945840;0;0;0;0.62850032
cg20022122;0.133347431522169;0;0;0
cg20100381;0;0.0100736304367234;-0.104183509376533;-0.120248941
cg20240860;0;-0.3064547964016;-0.528588527318754;-0.052478619
cg20264732;0.0635114302277315;0;0;0
cg20295671;0;-0.511563230032721;-0.84481038032891;-0.028008213
cg20300246;0.31777352125315;0;0;0
cg20305610;0;-0.185009430750722;-0.0070006360376903;-0.164360384
cg20524216;-0.988298526690569;-1.57139202206958;-1.08081271254861;-0.389841338
cg20537629;-0.458910787632739;0;0;0
cg20692569;0.736171206335206;0.707612105887962;0.757953914731279;0.744776072
cg20736065;-0.834767357123514;0;0;0
cg20761322;0;0.336370122549127;0.440566371660215;0.116737935
cg20795863;0;0.149201448623735;0.25815230081585;0.094275521
cg20828084;0.212951900726943;0.189516027500575;0.266647585678389;0.14446198
cg20914508;0;-0.463812058608846;-0.297048086657882;-0.003601976
cg20947775;0;-0.9499026157838;-0.917269011398901;-0.216873362
cg20999813;0;-0.481209658674428;0.202831647848701;-0.387628988
cg21096399;0;0.306255835711798;0.435532826611394;0.119679089
cg21120249;-0.0717276064485173;0;0;0
cg21195414;-0.00582595406763009;0;0;0
cg21211748;0;-0.791277396715968;-0.406256389510593;-0.166397828
cg21291896;-0.30467560758212;0;0;0
cg21305265;0;0;-0.207453461445362;-0.045368222
cg21370143;0;-0.0787844243791723;-0.253584057063149;-0.054401836
cg21378206;0;0.136683354739553;0.108862702769716;0.195972049
cg21395782;-0.922565392376616;-1.89297606898509;-2.03389186088791;-0.123872644
cg21460081;0;-0.216283660398823;-0.186748973069046;-0.150206847
cg21700166;-0.509091862959403;0;0;0
cg21801378;1.61148196263151;1.18239762492096;1.13590398693367;0.205911023
cg21818252;-0.000549960106781179;0;0;0
cg21835622;-0.00753030969217681;0;0;0
cg21870884;0;0.192319252008099;0.232911381385928;0.135875207
cg21906716;0.134207585701426;0;0;0
cg21950518;0;-0.226917333608533;-0.291083816897299;-0.002510616
cg22006386;0;0.0686368299269266;0.21094689946872;0.027954025
cg22154562;-0.257757499177786;0;0;0
cg22171829;-0.126140710251036;0;0.0540894356907311;-0.133887348
cg22190114;0;0.0527022525275854;0.0754382885706503;0.122000415
cg22197830;-0.0395603809055262;-0.298639419765983;-0.439648037406896;-0.214854921
cg22289837;0;-0.141664897125062;-0.267993269919805;-0.057604916
cg22432269;0;-0.589632597649823;-0.574915049022071;-0.047520857
cg22436229;-0.406700097529522;0;0;0
cg22449114;0.0252828371902199;0;0.0349918030680824;0.009556913
cg22568540;0;0.148479025130134;0.0637538660607132;0.020951084
cg22613010;0;0;-0.568205079901302;-0.00136474
cg22637507;0;-0.32661754132711;-0.391398382712594;-0.161364515
cg22679120;0;0;0;0.008321411
cg22732515;-0.0481441393862642;0;0;0
cg22736354;2.38465685203138;2.0756319677117;1.9697311480103;1.718507337
cg22809047;0.149240491375738;0.495124970215357;0.572694131058625;0.160173786
cg22901840;0;0.0482918833067324;0.0517328464860635;0.078584998
cg22920873;0;0.26694937929329;0.477791915501687;0.114374788
cg22947000;-0.241221127232442;-0.33431616954562;-0.455750010670383;-0.385598354
cg23092072;0;0.334739024975996;0.250672401188534;0.999917662
cg23124451;-0.141727264775788;-0.450102688341462;-0.506584038196406;-0.118914538
cg23146358;-0.0347022041163291;0;0;0
cg23180365;-0.194158910415447;-2.06212199881493;-2.23059300460316;-0.17318824
cg23366752;0.144680440469959;0;0;0
cg23412777;0.0318556295997419;0;0;0
cg23452458;-0.0315966051241752;0;0;0
cg23517605;0;0;0.161461304192277;0.128377865
cg23582408;-0.0241474058553583;0;0;0
cg23662675;0;0.634811674781761;0.652941177495088;0.600765489
cg23786576;0;0;-0.959269761446403;-0.359681997
cg23855566;-0.136022828414179;0;0;0
cg23922081;-0.00155039573572999;0;0;0
cg23941599;0.489545773643571;0.551470997291877;0.62568445439259;0.266499641
cg24030627;0.063432961936541;0;0;0
cg24058132;-0.281585495238166;-0.172259605512823;-0.108693751435264;-0.243414212
cg24081819;-0.651955019550645;-0.538189310835022;-0.366948518024956;-0.00950238
cg24116886;0;0.0423279036131755;0.140107368235369;0.187704497
cg24126851;0;0;0.106517725570291;0.000792206
cg24254120;0;0;0;0.372917726
cg24262469;0;0;0;0.152852459
cg24450312;0;-0.792784317328501;-0.89236330473856;-0.001508834
cg24471894;0;0;0;-0.057512039
cg24580001;0;0;-0.0216760316563686;0.339639763
cg24703717;-0.0553468394045965;0;0;0
cg24767315;-0.128308894804914;0;0;0
cg24834740;0;-0.703061355567721;-0.694224267903513;-0.087006506
cg24888049;0;-0.185138473557638;-0.186266533345224;-0.129936396
cg24899750;-0.188994002968388;-0.411702455371572;-0.385629270315045;-0.307424926
cg25070637;0;0;0.218117814306489;-0.279922439
cg25101936;-0.0725211698029494;-0.421797655056245;-0.417825044647988;-0.057744615
cg25148589;0.158787823844277;0.761873744553638;0.910355839880954;0.179969129
cg25159610;0;0;0.266398300640664;0.224446911
cg25166896;0;0;-0.165063326089025;-0.002315093
cg25371038;-0.0278362175572469;0;0;0
cg25411725;0;-0.0601819402659296;-0.381810635738859;-0.028135965
cg25505610;0;0.818833250038254;0.972817673129462;1.50223047
cg25552492;0;-0.734037295182272;-0.601951399537;-0.176029721
cg25564800;0;-0.137443978660736;-0.121539168505012;-0.004461622
cg25622628;-0.241383506553672;0;0;0
cg25635316;-0.360863613976256;0;0;0
cg25640176;-0.788852843435139;0;0;0
cg25657834;0;-0.0260482610254622;-0.147431045198797;-0.120291759
cg25683012;0;-0.0972707654841994;0.386622508952896;-1.392021375
cg25771195;0.20511611410507;0.304121887927408;0.272625235513588;0.304478062
cg25781123;0.351644942650523;0.366306274620018;0.387848076552993;0.019974651
cg25809905;-0.214610644053191;-0.113608106854996;-0.0606059918068348;-0.216624999
cg25928579;0;0.043284318194553;0.230252409876758;-0.030298685
cg26003813;0;-0.000303930573882089;0.305682052763398;-0.192765894
cg26005082;0;0.729825960657138;0.990272069516792;0.283314043
cg26043391;0;-0.0639829598014485;-0.415284407544033;-0.361822974
cg26045434;0;0;0.152673813139397;-0.296285378
cg26162695;0;-0.794267339675498;-1.00640607411255;-0.043863368
cg26255649;-0.129396530372598;0;0;0
cg26297688;0.194032518677522;0.741665675741384;0.771452158692966;0.959651842
cg26372517;0.0176519730610677;0.148496110454921;0.169131386311022;0.126025756
cg26374101;-0.326365463266278;0;0;0
cg26394940;-0.516251370217516;-0.240236920706499;-0.0673859471874537;-0.166268862
cg26453588;0.0729288736874628;0.170730998095885;0.208045422943515;0.127052431
cg26456957;0;0;0;-0.159361013
cg26581729;-0.295318953524247;0;0;0
cg26614073;0;0;0;-0.506521375
cg26620959;0;-0.143806922196769;-0.221293473092661;-0.040743067
cg26723847;0;0;0;-0.144822054
cg26778807;-0.283415344541625;0;0;0
cg26824091;0.621414544554564;0.816268406355983;0.827422716576792;0.549029142
cg26842024;0;0.464609626494137;0.598254871603446;0.358161798
cg26845300;0;0;0;0.254089345
cg27015931;-0.888387233160902;-0.728470192969716;-0.73966400543477;-0.466528425
cg27016307;0;0;0;-0.035326263
cg27092035;0;-0.0730536762348051;-0.0819171513878759;-0.055768503
cg27120999;0.0213748955156845;0;0;0
cg27169020;0.176097270327397;0.248048757410237;0.18702429751536;0.087286864
cg27202708;0;-0.0846074936268537;-0.0828902951641662;-0.138635766
cg27225570;-0.0222356919148368;0;0;0
cg27243140;0.09812713372001;0;0;0
cg27269921;-0.155996874503915;0;0;0
cg27319898;0;0;0;-0.211230721
cg27320127;0.357422963963492;0;0;0
cg27377450;0;0;0;0.092440884
cg27413543;0;0.260825348534606;0.639054753517018;-0.261275244
cg27494383;0;0.166971666220443;0.0114023457985801;0.064596615
cg27519140;-0.0482467693939202;0;0;0
cg27529628;1.24671114930492;0;0;0
cg27544190;-0.495761407568692;-1.05117039535954;-1.29372774370673;-0.869124446
